{
    "metadata": {
        "modelType": "RandomForestClassifier",
        "trainingMode": "offline",
        "dataset": "AI4I 2020 Predictive Maintenance Dataset",
        "target": "Machine failure",
        "rowCount": 10000,
        "featureColumns": [
            "airTemperatureK",
            "processTemperatureK",
            "rotationalSpeedRpm",
            "torqueNm",
            "toolWearMin"
        ],
        "notes": "Generated by ml/train_model.py. The Node.js backend should read this JSON as exported model statistics, not run Python at request time."
    },
    "metrics": {
        "accuracy": 0.983,
        "classificationReport": {
            "0": {
                "precision": 0.9851738241308794,
                "recall": 0.9974120082815735,
                "f1-score": 0.9912551440329218,
                "support": 1932.0
            },
            "1": {
                "precision": 0.8863636363636364,
                "recall": 0.5735294117647058,
                "f1-score": 0.6964285714285714,
                "support": 68.0
            },
            "accuracy": 0.983,
            "macro avg": {
                "precision": 0.9357687302472579,
                "recall": 0.7854707100231397,
                "f1-score": 0.8438418577307466,
                "support": 2000.0
            },
            "weighted avg": {
                "precision": 0.9818142777467931,
                "recall": 0.983,
                "f1-score": 0.9812310405643738,
                "support": 2000.0
            }
        }
    },
    "featureStatistics": {
        "airTemperatureK": {
            "mean": 300.0049,
            "std": 2.0003,
            "min": 295.3,
            "max": 304.5
        },
        "processTemperatureK": {
            "mean": 310.0056,
            "std": 1.4837,
            "min": 305.7,
            "max": 313.8
        },
        "rotationalSpeedRpm": {
            "mean": 1538.7761,
            "std": 179.2841,
            "min": 1168.0,
            "max": 2886.0
        },
        "torqueNm": {
            "mean": 39.9869,
            "std": 9.9689,
            "min": 3.8,
            "max": 76.6
        },
        "toolWearMin": {
            "mean": 107.951,
            "std": 63.6541,
            "min": 0.0,
            "max": 253.0
        }
    },
    "featureImportance": {
        "airTemperatureK": 0.092968,
        "processTemperatureK": 0.058584,
        "rotationalSpeedRpm": 0.31326,
        "torqueNm": 0.320186,
        "toolWearMin": 0.215002
    },
    "scoringParameters": {
        "anomalyScoreThreshold": 50,
        "healthScoreFormula": "100 - anomalyScore",
        "zScoreWarningThreshold": 2,
        "zScoreCriticalThreshold": 3,
        "recommendedFeatureWeights": {
            "airTemperatureK": 0.092968,
            "processTemperatureK": 0.058584,
            "rotationalSpeedRpm": 0.31326,
            "torqueNm": 0.320186,
            "toolWearMin": 0.215002
        },
        "featureRanges": {
            "airTemperatureK": {
                "low": 298.00460000000004,
                "high": 302.0052
            },
            "processTemperatureK": {
                "low": 308.5219,
                "high": 311.4893
            },
            "rotationalSpeedRpm": {
                "low": 1359.492,
                "high": 1718.0602000000001
            },
            "torqueNm": {
                "low": 30.018,
                "high": 49.955799999999996
            },
            "toolWearMin": {
                "low": 44.296899999999994,
                "high": 171.6051
            }
        }
    }
}